<?xml version="1.0" encoding="utf-8"?>
<ModMetaData>
  <name>TradeHelper 1.1 1.2</name>
  <author>TimmyLiang</author>
  <packageId>TimmyLiang.TradeHelper1112</packageId>
  <supportedVersions>
    <li>1.1</li>
	<li>1.2</li>
  </supportedVersions>
  <description>
Please note this version of TradeHelper will only work for game version 1.1 or 1.2. 
  </description>
  <modDependencies>
    <li>
      <packageId>brrainz.harmony</packageId>
      <displayName>Harmony</displayName>
      <steamWorkshopUrl>steam://url/CommunityFilePage/2009463077</steamWorkshopUrl>
      <downloadUrl>https://github.com/pardeike/HarmonyRimWorld/releases/latest</downloadUrl>
    </li>
  </modDependencies>
</ModMetaData>